-.07791,.0326699542092286
-.07472,.0350544676618783
-.01145,.0851427721594289
-.0864,.014417751716316
-.09,.0139751552795031
-.085,.0313725328954399
.01,.0603823094608993
-.1,.0475324942929797
-.049,.028189153730992
-.075,.027638469293275
-.06,.0323982500842962
-.117,.0395331519083722
-.086,.0205242269395671
-.128,.0721274563532341
-.08,.0264900662251656
.012,.0521739130434783
-.1,.0446428571428571
-.07,.0256410256410256
-.08,.027972027972028
-.07,.0268199233716475
-.12,.0363636363636364
-.09,.0188284518828452
-.13,.0695187165775401
-.0466,.0064
-.129,.0144
.0179,.0122
-.09,.01
-.1,.01
-.12,.02
-.14,.02
-.3568,.0863794935856932
-.47411,.0731008218079776
-.41022,.0836424063860372
.712,.434628975265018
-.12,.121212121212121
-.05,.416666666666667
-.73,.299180327868852
-.39,.184834123222749
-.64,.161616161616162
-.77,.277978339350181
.22,.448979591836735
-1.84,.447688564476886
-.58,.376623376623377
-.15,.093167701863354
.712,.339285714285714
-.08,.0888888888888889
.05,.178571428571429
-.53,.116483516483517
.23,.113300492610837
.43,.25748502994012
-.41,.244047619047619
.22,.162962962962963
-.36,.129963898916968
.09,.0947368421052632
.12,.041522491349481
.05,.161290322580645
-.91,.427230046948357
-.48,.193548387096774
-.67,.248148148148148
-.34,.106918238993711
-.23,.129943502824859
-.77,.201570680628272
-.83,.253822629969419
-.03,.2
-.54,.171428571428571
-1.44,.5783132530120479
-.9,.476190476190476
-.54,.335403726708075
-.38,.122186495176849
-.58,.188311688311688
-1.03,.273209549071618
-.79,.240853658536585
-.1,.32258064516129
-.1,.344827586206897
-.21,.196261682242991
-.3,.344827586206897
-.18,.333333333333333
-.22,.275
-.14,.202898550724638
.13,.236363636363636
-.12,.094488188976378
-.31,.289719626168224
-.84,.976744186046512
-1.05,.860655737704918
-.31,.344444444444444
-.23,.359375
-.39,.13588850174216
-.43,.0892116182572614
-1.18,.349112426035503
-1.34,1.26842105263158
-.98,.319218241042345
-1.02,.293948126801153
-.31,.163157894736842
-.6,.298507462686567
-.37,.23125
-.52,1.26842105263158
.08,.125
-.89,.881188118811881
.02,.111111111111111
-.04,1.26842105263158
-.78,.13903743315508
-1.65,.491071428571429
-.78,.178489702517162
-1.03,1.26842105263158
-.057475,.063033
-.9443,.37772
-1.95486,.737683018867925
.712,.0097
-.4998,.0265
-.5057,.0265
-.5422,.031
-.2526,.0758
-.551,.0312
-.5232,.0295
-.5003,.0289
-.5351,.029
-.2293,.0751
-.5244,.0327
-.5174,.0313
-.5199,.0306
-.3302,.0819
-.2179,.0181130507065669
-.2536,.0191396226415094
-.15842,.0160832487309645
-.13812,.0171791044776119
-.08317,.0371294642857143
-.15235,.0429154929577465
-.86,.0917822838847385
-.667,.0688338493292054
-.681,.0834558823529412
-.6850000000000001,.0829297820823245
-.6919999999999999,.101466275659824
-.679,.210869565217391
-.6929999999999999,.105479452054795
-.5649999999999999,.0594111461619348
-.577,.0702801461632156
-.583,.0701564380264741
-.587,.0810773480662983
-.634,.140265486725664
-.3115,.0719399538106236
-.2533,.0680913978494624
-.3022,.0795263157894737
-.2575,.0757352941176471
-.877,1.23521126760563
-.275,.0797101449275362
-.9330000000000001,.278507462686567
-.2066,.0657961783439491
-.4026,.0798809523809524
-.2301,.078
-.2944,.0754871794871795
-.2859,.0742597402597403
-.3834,.168898678414097
-.3527,.162534562211982
-.1797,.0940837696335079
-.3866,.114718100890208
-.116,.0346268656716418
-.3669,.0748775510204082
-.3114,.0719168591224019
.046,.0259887005649718
-.1643,.0295503597122302
-.0788,.0447727272727273
-.2044,.0473148148148148
-.1294,.0373988439306358
-.2247,.0481156316916488
-.1458,.0339069767441861
-.233,.0591370558375635
-.1472,.0353846153846154
-.1411,.127117117117117
-.2135,.0438398357289528
-.147,.0671232876712329
-.1513,.0427401129943503
-.1407,.0292515592515593
-.1297,.0365352112676056
-.2315,.0458415841584159
-.1995,.0621495327102804
-.1573,.0323662551440329
-.1615,.0309980806142035
-.1566,.0302901353965184
-.1739,.0506997084548105
.046,.0259887005649718
-.04,.0336134453781513
-.09,.028125
-.08,.0406091370558376
-.07,.0374331550802139
-.06,.0229885057471264
-.18,.05
-.22,1.26842105263158
-.53,1.26842105263158
-.88,1.26842105263158
-1.99,1.26842105263158
-.2,1.26842105263158
-.26,1.05
-.57,1.05
-1.99,1.26842105263158
-.95,.03
-.88,.11
-.34,.08
-.62,.21
-.030481,.030367
.28,.04
.24,.04
-.49,.05
-.2,.05
-.19,.05
-.18,.05
-.1,.02
-.09,.02
0,.03
0,.03
-.22,.05
-.2893,.103691756272401
-.7164,.3344
.063,.0547826086956522
-.101,.0165845648604269
-.112,.0180064308681672
-.117,.0061970338983051
-.134,.0074444444444444
-.183,.0087854056649064
-.108,.008095952023988
-.149,.0053887884267631
-.13,.0064837905236908
-.077,.0250814332247557
-.071,.012956204379562
-.059,.0096563011456629
-.06,.027027027027027
-.152,.0049
-.134,.0049
-.115,.0215355805243446
-.099,.0150684931506849
-.106,.0049
-.204,.0839506172839506
-.132,.0473118279569892
-.19,.0778688524590164
-.203,.563888888888889
-.645,.29185520361991
-.275,.110887096774194
-.244,.0613065326633166
-.199,.0424307036247335
-.202,.0517948717948718
.023,.0323943661971831
.023,.0323943661971831
-.242,.0521776627856835
.027,.121076233183857
.141,.136231884057971
-.506,.593200468933177
-.635,.526970954356847
-.152,.410810810810811
-.087,.113874345549738
-.158,.289908256880734
.277,.133173076923077
-.256,.0679045092838196
.183,.198697068403909
-.622,.245849802371542
-.056,.0847201210287443
-.105,.0236167341430499
-.054,.019438444924406
-.062,.0292039566650966
-.053,.0880398671096346
.028,.0518518518518519
-.065,.0138239047213952
-.022,.0548628428927681
.109,.0173982442138867
-.156,.0171428571428571
.184,.0262369884500214
-.113,.0152888648356109
-.242,.0521776627856835
-.233,.0749919536530415
-.248,.126595201633486
-.653,.276
-.21,.072
-.16,.04
-1.99,.186
-.195,.099
-.538,.087
-.126,.073
-.129,.073
-.284,.029
-.144,.026
-.318,.08
.019,.072
.712,.0159
.712,.0103
.712,.0097
-.103,.0132
-.0958,.0096
-.1097,.0098
-.1853,.0803
-.2125,.0611
-.2562,.0943
-.2902,.0689
-.2573,.0874
-.2903,.0608
-.2581,.0622
-.2464,.0563
-.1742,.0529
-.1887,.0431
-.2056,.0543
-.218,.0438
-.2222,.086
-.1824,.0487
-.1992,.0388
-.2152,.0775
-.2231,.0603
-.2414,.0482
-.2139,.0544
-.2314,.0424
-.1547,.0615
-.1363,.0598
-.1574,.0547
-.1909,.0675
-.1819,.0596
-.2276,.0716
-.2656,.057
-.1255,.0585
-.1372,.0483
-.4153,.1159
-.4736,.0478
-.0384,.0478
-.0382,.0336
-.0797,.0407
-.0208,.0412
-.6062,.1343
-.3402,.1133
.4698,.0106
.4346,.0136
.4276,.0134
.0217,.0147
-.0918,.0201
-.1009,.0209
-.2098,.0706
-.2312,.076
-.1734,.0585
-.203,.065
-.1705,.0698
.048,.0902
-.1121,.0762
-.0223,.0668
-.2098,.0706
.0515,.0972
-.1244,.0805
-.0177,.073
-.2312,.076
.0519,.0285
-.3769,.1399
-.2443,.0794
-.1413,.0684
.0457,.0353
.0742,.0324
-.5226,.1424
-.3173,.1498
.048,.0902
-.1121,.0762
-.0223,.0668
-.2098,.0706
-.1582,.0698
.0317,.0899
-.0549,.0718
.0329,.0626
-.1705,.0698
-.1596,.072
.0432,.0745
-.0853,.0618
-.0313,.0568
-.1734,.0585
-.1356,.0585
.0515,.0972
-.1244,.0805
-.0177,.073
-.2312,.076
-.168,.0749
.042,.0839
-.1164,.0684
-.0066,.0637
-.203,.065
-.1396,.063
.0579,.0316
-.4694,.1586
-.265,.0834
-.1557,.074
.0495,.0384
.0828,.0359
-.6106,.157
-.3971,.1687
-.3623,.0854
-.2098,.0706
-.1705,.0621
-.1495,.063
-.4076,.0911
-.2312,.076
-.1891,.067
-.1574,.0656
-.2951,.0697
-.1734,.0585
-.1529,.0514
-.133,.0549
-.3148,.0843
-.1705,.0698
-.131,.0602
-.1025,.0675
-.3643,.077
-.203,.065
-.1653,.0576
-.1376,.0572
-.2098,.0706
-.1896,.049
-.1241,.0401
-.0946,.0357
-.202,.053
-.207,.054
-.205,.106
-.253,.038
-.206,.113
-.248,.04
-.203,.086
-.269,.091
-.282,.136
-.171,.0276
-.32,.0532
-.552,.0608
-.437,.111
-.714,.11
-.521,.0603
-.482,.0412
-.474,.043
-.491,.0453
-.504,.0472
.05,.069
-.34,.061
-.403,.066
-.574,.083
-.695,.104
-.5620000000000001,.136
-1.102,.354
-.554,.08
-.391,.116
-.922,.235
-.42,.2755
-.596,.292
-.51,.06
.12,.03
-.04,.222222222222222
-.21,.0981308411214953
.15,.164835164835165
-.22,.275
.04,.111111111111111
-.17,.111842105263158
-.19,.0984455958549223
-.02,.0444444444444444
-.3,.294117647058824
.08,.0888888888888889
.02,.0606060606060606
-.12,.0571428571428571
.02,.222222222222222
-.27,.171974522292994
.01,.166666666666667
.61,.158854166666667
-.16,.08
-.21,.138157894736842
-.05,.0208333333333333
-.1,.204081632653061
-.19,.0954773869346734
.1,.172413793103448
-.24,.228571428571429
-.05,.1
-.07,.0945945945945946
-.14,.107692307692308
-.04,.0540540540540541
-.3,.294117647058824
.09,.087378640776699
.02,.0540540540540541
-.11,.0594594594594595
.16,.192771084337349
-.29,.151832460732984
-.14,.21875
.45,.170454545454545
-.15,.077319587628866
-.23,.124324324324324
-.158,.0630409864297331
-.408,.155510141760629
-.122,.066800494726889
-.21,.100038502387295
.135,.0422581364061563
.517,.775527174798346
-.145,.117196851832396
-.15,.0741212924143835
-.196,.112326511921028
-.053,.0695446298080283
.119,.0677476688130735
-.041,.0438695375515238
-.1737,.0629347826086957
-.1158,.0393877551020408
-.237,.0618798955613577
-.2299,.0480962343096234
-.177,.0623239436619718
-.23,.0784982935153584
-.4178,.288336783988958
-.0085,.0049
.1131,.0451316839584996
-1.8199,.526286871023713
-.095,.0635451505016722
.0939,.274561403508772
-.339,.430203045685279
-.264,.325524044389642
-.102,.0348122866894198
-1.99,1.10149253731343
-.1124,.0398581560283688
-.442,.021
-.577,.0358050275799363
-.55,.043
-.677,.0518652099195598
-.354,.051
-.476,.031
-.6830000000000001,.101833196944808
-.455,.039
-.584,.0492036584005702
-.573,.031
-.6909999999999999,.0424499705535822
-.473,.018
-.576,.016
-.577,.0456946386351835
-.712,.0553624421426656
-.052,.0170491803278689
-.049,.0171929824561404
-.048,.0171428571428571
-.031,.0156565656565657
-.031,.0156565656565657
-.032,.015609756097561
-.101,.0117305458768873
-.089,.0099887766554433
-.187,.0625418060200669
-.175,.0622775800711744
-.175,.0625
-.175,.0625
-.06,.025
-.05,.025
-.044,.022
-.0776,.0209
-.87,.08
-.83,.08
-.47,.08
-.42,.08
-.57,.09
-.52,.09
-.5,.07
-.45,.07
-.119,.139
-.261,.104
-.403,.08
-.545,.078
-.6879999999999999,.099
-.83,.133
-.12,.05
-.33,.15
-.3,.11
-.348,.045
-.409,.036
-.199,.0131
-.4133,.0426
-.1835,.0091
-.186,.063
-.177,.062
-.064,.02
-.131,.039
.021,.022
.082,.039
.077,.041
.003,.009
.023,.034
-.65,.146726862302483
-.26,.118721461187215
-1.35,.148188803512624
-.04,.173913043478261
-.45,.216346153846154
-.32,.157635467980296
-.04,.181818181818182
.712,.0305
.6820000000000001,.0164
-.163,.0529
-.143,.0367
-.14,.067
-.151,.0434
-.132,.0488
-.12,.0334
-.161,.0727
-.18,.0478
-.211,.0623
-.156,.0403
-.0941,.0504
-.0489,.0335
-.112,.0563
-.103,.0355
-.13,.0671
-.218,.0804
-.616,.176
-.224,.0767
-.112,.0613
-.0296,.0875
-.235,.0718
-.252,.0834
-.622,.169
-.34,.085
-.15,.0567
-.105,.0776
-.256,.0816
-.269,.0915
-.606,.176
-.361,.0944
-.184,.067
-.137,.0823
-.0492,.0491
-.0493,.0528
-.357,.143
-.0612,.0493
-.13,.0364
-.0711,.0521
-.0377,.0471
-.0622,.0515
-.393,.161
-.152,.0577
-.11,.037
-.123,.0497
-.114,.051
-.143,.0557
-.407,.119
-.198,.0541
-.158,.0407
-.156,.051
.712,.0813
.712,.0678
.712,.0448
.712,.0692
.712,.0359
.653,.0309
.637,.724
.712,.0482
-.1,.192
-.132,.119
-.165,.0763
-.427,.135
-.107,.0879
-.0906,.0747
-.164,.058
-.362,.113
-.145,.259
-.259,.159
-.138,.101
-.205,.131
-.123,.122
-.198,.101
-.181,.0678
-.207,.0984
.0279,.155
-.162,.113
-.0959,.072
-.46,.122
-.0204,.0795
-.0819,.0686
-.126,.0524
-.362,.101
-.226,.292
.0985,.109
-.165,.0763
-.427,.135
-.197,.158
-.0766,.0612
-.164,.058
-.326,.113
-.114,.608
-.548,.27
-.2,.0877
-.123,.0493
.289,.768
-.313,.0895
-.0813,.0351
-.0961,.0362
-.034,.229
-.18,.18
-.158,.0964
-.409,.186
-.11,.113
-.194,.114
-.199,.0693
-.335,.134
-.133,.222
-.168,.133
-.262,.0937
-.424,.158
-.11,.0982
-.106,.0776
-.186,.0662
-.367,.121
.0593,.155
-.0755,.103
-.0612,.0678
-.353,.14
.122,.0671
-.0535,.0705
-.0465,.0509
-.278,.109
-.18,.19
-.36,.032
-.052,.025
-.28,.045
-.2,.035
-.43,.037
-.18,.044
-.19,.042
-.13,.03
-.12,.034
-.11,.053
-.12,.052
.0038,.043
-.056,.052
-.072,.059
-.14,.058
-.03,.053
.048,.056
.027,.068
-.0088,.056
-.058,.061
-.21,.0888
-.18,.019
-.052,.025
-.36,.032
-.28,.045
-.2,.35
-.43,.037
-1.99,1.26842105263158
-1.99,.9
-1.99,.48
-1.99,.47
-1.99,.61
-.05,.14
.05,.11
-.23,.1
-.25,.1
-.28,.08
-.22,.09
-.22,.09
-.25,.09
-.22,.07
-.23,.08
-.23,.08
-.0031,.018
-.0034,.026
.0014,.021
.0014,.02
.0157,.02
.0064,.029
-.0037,.022
.0051,.016
.0074,.02
-.906,.036
-.494,.036
-.87,.021
-.573,.021
-.6879999999999999,.02
-.456,.02
-.859,.018
-.548,.018
-1.05,.01
-.95,.01
-1.132,.009
-.9389999999999999,.009
-.962,.008
-.724,.008
-.0505,.0153061224489796
-.0497,.0153061224489796
-.0493,.0153061224489796
-.0578,.0153061224489796
-.0497,.0153061224489796
-.197,.113218390804598
-.257,.146022727272727
-.328,.0566493955094991
-.3643,.0661161524500908
-.523,.0826224328593997
-.128,.126108374384236
-.119,.023062015503876
-.061,.0265217391304348
-.125,.0231910946196661
-.069,.0264367816091954
-.122,.0232824427480916
-.067,.0264822134387352
-.126,.0232044198895028
-.084,.025
-.117,.0236842105263158
-.06,.0272727272727273
-.115,.0231854838709677
-.081,.025077399380805
-.482,.243434343434343
-.106,.0368567454798331
-.5499000000000001,.21996
-.082,.0233618233618234
-.664,.249624060150376
-.079,.0233727810650888
-.115,.0131880733944954
-.801,.0793069306930693
-.729,.0809100998890122
-.6840000000000001,.0857142857142857
-.6,.0833333333333333
-.573,.0698780487804878
-.534,.0565079365079365
-.431,.046244635193133
-.246,.0362297496318115
-.222,.0282083862770013
-.135,.027
-.19,.0205405405405405
-.136,.019941348973607
-.112,.0180936995153473
-.107,.018013468013468
-.133,.0216612377850163
-.475,.0587871287128713
-.113,.0184039087947883
-.413,.0496991576413959
-.13,.0207667731629393
-.317,.0419867549668874
-.126,.0253521126760563
-.254,.0371888726207906
-.162,.0282722513089005
-.216,.0352941176470588
-.201,.034010152284264
-.762,.185
-.92,.512
-1.032,.148
-.086,.203
-.25023,.09131
-.25347,.09799
-.22588,.09489
-.1413,.10673
-.041,.02
-.044,.012
-.029,.016
-.052,.013
-.0276,.0490954438185378
-.014,.0323310454753901
-.073,.0520790143326483
-.092,.0629681429389431
-.034,.0194852112516069
-.027,.0194921696632405
-.023,.0220085226640593
-.01,.0049414194942922
-.03,.0131958928256676
-.079,.0460135379704434
-.094,.0646578544810467
-.053,.0331624499417884
-.03,.0202767752093581
-.024,.0227287700961521
-.021,.0257077350004097
-1.99,.555441024885878
-1.99,.614333434558154
-1.99,.592310827333243
-.1464,.0143811394891945
-.3464,.0640414124607136
-.061,.035199076745528
-.07,.01
-.09,.02
-.06,.01
-.16,.03
-.11,.02
-.19,.04
-.08,.03
-.07,.04
-.1,.03
.08,.05
.091,.0258
-.16,.05
-.49,.149847094801223
-.61976,.0642904564315353
-.6680700000000001,.0257743055555556
-.49302,.0279331444759207
-.84945,.12603115727003
-.74105,.0208335676131572
-.4,.03
-.43,.04
-.38,.03
-.4,.05
-.4,.04
-.42,.06
-.39,.06
-.41,.04
-.42,.03
-.39,.04
.023,.02785668171648
-.031,.0166104434994634
.0001,.0199470304654108
.006,.170940162306919
-.0001,.0088651960074146
.023,.0266434968147939
-.032,.0164682436202868
-.005,.120857123167674
-.003,.0543736317551437
-.0001,.0398941862629572
-.011,.0753938884995154
-.004,.0363636363636364
-.92,.07
-.83,.06
-.74,.05
-.78,.04
-.386,.102251655629139
-.094,.019
-.094,.019
-.155,.02
-.228,.027
-.272,.043
-.14,.018
-.243,.028
-.014,.007
-.073,.012
-.109,.014
-.165,.023
-.224,.025
-.016,.006
-.077,.013
-.115,.017
-.159,.019
-.22,.024
-.061,.037
-.081,.032
-.095,.28
-.107,.027
-.094,.025
-.114,.02
-.175,.024
-.182,.028
-.17,.023
-.227,.032
-.236,.033
-.161,.026
-.418,.097
-.321,.061
-.361,.058
-.22,.058
-.232,.053
-.248,.058
-.325,.055
-.246,.055
-.309,.057
-.308,.056
-.327,.058
-.29,.062
-.236,.038
.012,.6
-.044,.55
-.041,.585714285714286
-.117,.0485477178423237
-.003,.06
-.104,.047926267281106
-.003,1.26842105263158
.0146520146520147,.73260125
-.138625592417062,.05797975
-.0044843049327354,.11686223
-.12037037037037,.05577762
-.308,.146318289786223
-.281,.118465430016863
-.218,.0856918238993711
-.067,.029
-.086,.028
-.087,.028
-.012,.037
-.033,.038
-.096,.037
-.135,.033
-.146,.032
-.144,.03
-.013,.03
-.016,.03
-.006,.03
-.195,.031
-.03,.032
-.037,.032
-.68,.07
-.0483,.1416
-.0375,.0497
.1162,.0943
.1105,.0934
.1009,.0857
.1007,.0886
.1172,.0945
.0779,.0931
.0814,.094
.1043,.0937
.0581,.0925
.0594,.0923
-.069,.152
-.066,.182
-.125,.085
-.101,.1
-.049,.151
-.048,.181
-.099,.086
-.063,.103
-.1696,.0247230320699708
-.1744,.0281744749596123
.017,.0447368421052632
-.055,.0808823529411765
.049,.032
.033,.033
-.017,.029
.072,.042
.067,.042
.053,.049
-.26,.059
-.24,.05
-.21,.05
-.31,.067
-.32,.068
-.26,.079
-.233,.179506933744222
-.0769,.0217723669309173
-.173,.0221058011755686
-.6118,.131287553648069
-.2303,.123155080213904
-.1749,.0883333333333333
-.012257,.0052687734868774
-1.17,.502934239997272
-.5929023,.17225
-.5349,.06692
-.3961,.06217
-.07268,.02602
-.07905,.01886
-.21586,.0554
-.19492,.05629
-.079999,.01572
-.08178,.01617
-.18097,.04756
-.16593,.04789
-.287,.175
-.436,.157
-.24,.110594472229831
-.18,.0716519341658552
-.19,.112068099920639
-.43,.209373209049062
-.058,.117
-.1118,.0196
-.0928,.0184
-.0864,.0337
-.1389,.0355
-.118,.0277
-.1794,.0722
-.0695,.0257407407407407
-.0679,.0145708154506438
.0449,.081
-.2561,.0594
-.1857,.0371
-.486,.06
.076,.288
-.229,.137
-.093,.325
-.444,.236
-.424,.628
-.855,.352
-.281,.418
-.715,.21
-.606,.236
-.259,.219
-.334,.296
-.645,.279
-.245,.237
-.416,.267
-.706,.024
-.209,.222
-.247,.131
-.157,.186
.129,.549
-.186,.182
-.5620000000000001,.348
-.461,.187
-.508,.24
-.511,.204
-.2442,.0803
-.243728,.040067
.168192888451913,.174299644619235
-.184,.0496626180836707
-.177,.0831766917293233
-.241,.0756671899529042
-.9356,.0513529831494594
-.6945,.0532918968692449
-.745,.0502970564407237
-.4956,.117971911449655
-.5145999999999999,.08824941692962
-.4498,.0986966252687936
-.6542,.0565770128859293
-.7836,.0547397834439399
-.7187,.0517683497803069
-.4908,.166768603465851
-.4956,.127567567567568
-.4517,.124229922992299
-.654,.0623867213583898
-.7268,.0586838918046023
-.6744,.0573030843742034
-.5553900000000001,.122695013076862
-.6346000000000001,.0917622774186116
-.5596,.100773109664775
-.7943,.059786986278281
-.9209000000000001,.0583042450722035
-.8479,.055806522829945
-.5486,.172224501863536
-.605,.132556014249306
-.6037,.129266328191374
-.8703,.068057293960355
-.965,.0653483361263892
-.9125,.0639921638023673
-.1945,.0105612244897959
-.0654,.012015306122449
-.0502,.0402551020408163
-.0722,.0346428571428571
-.2863,.0156632653061225
-.1506,.0111734693877551
-.0647,.0579336734693878
-.0601,.0521428571428571
-.0707,.0231887755102041
-.1001,.0221428571428571
-.0513,.0740561224489796
-.1092,.0602551020408163
-.0509,.0389030612244898
-.1136,.0366836734693878
.399,.0802040816326531
-.0201,.0500765306122449
-.132,.0359673024523161
-.172,.0567656765676568
-.091,.0590909090909091
-.068,.056198347107438
-.081,.0509433962264151
-.093,.046039603960396
-.137,.019683908045977
-.01,.0196078431372549
-.013,.0866666666666667
-.031,.0815789473684211
.033,.0407407407407407
-.135,.0517241379310345
-.061,.0485
-.117,.0908
-.357,.245
-.0279,.0424
.0348,.151
-.572,.226
-.069,.0579
-.137,.1161
-.272,.164
.0223,.0423
-.22,.0482
-.217,.214
.0698,.0414
-.0154,.0699
-.181,.114
-.015,.0769
-.154,.106
.0668,.3031
.002,.0666666666666667
.02,.0173913043478261
.05,.0485436893203884
-.28,.0972222222222222
-1.25,.339673913043478
-1.25,.28604118993135
-.08,.131147540983607
-.12,.0710059171597633
-1.12,.249443207126949
-1.49,.167227833894501
-.28,.132075471698113
-.37,.0835214446952596
-.52,.172757475083057
-.63,.106418918918919
-.05,.29631127846084
-.487,.640430514128623
.354,.684423375412114
-.116,.506923550349796
-1.359,.677922318245012
-.056,.0146023468057366
-.044,.0112733794517038
-.2,.28316476609654
-.347810243913548,.160297072072885
-.279029171841955,.118611208004157
-.324701668463661,.157970518555816
-.287362802034627,.117821876928882
-.15,.077720207253886
-.14,.0740740740740741
-.12,.0612244897959184
.712,1.26842105263158
.5403,.0049
-.2702,.0119
-.2449,.0118
-.2314,.0089
-.2124,.0091
-.0367,.044
-.373,.045
-.356,.045
-.372,.045
-.324,.051
-1.99,.875658536585366
-1.99,.389371657754011
-.22,.04
-.576,.089
-.263,.0812731767614339
-.271,.0733423545331529
-.239,.0598997493734336
-.036,.023
.571,.264
.018,.023
.294,.241
.017,.023
.285,.236
-.056,.028
-.06,.027
-.037,.017
-.02,.013
-.039,.016
-.021,.013
-.011,.0049
-.013,.006
-.01,.0049
-.01,.005
-.011,.0049
-.01,.005
.451,.0389801210025929
-.454,.150830564784053
-.857,.0972758229284903
-.45087,.1986649
-.81915,.125705
.363,.332889354306996
.712,.395218920709029
-.387,.423386162773931
-.97,.689829276220831
-.639,.401985443507265
-1.268,.429761678939824
-.14,.029723991507431
-.11,.0780141843971631
-.25,.171232876712329
-.17,.0376106194690266
-.24,.102127659574468
.5649999999999999,.037
.712,.065
-.886,.205
.048,.005
-.088,.189
-.123,.268
.571,.037
-.188,.21
-.233,.284
-.205,.0843621399176955
-.101,.0639240506329114
-.309,.088034188034188
-.303,.0765151515151515
-1.448,.032
-.738,.021
-1.39,.047
-.484,.031
-1.613,.047
-.866,.033
-.006,.016
-1.44,.546
-.034,.0049
.002,.011
-.051,.005
-.054,.015
.001,.0049
-.049,.006
-.026,.007
-.011,.006
-.036,.0049
.004,.012
-.056,.015
-.63,.32
-.07,.0593220338983051
.07,.0958904109589041
-.31,.281818181818182
-.06,.0410958904109589
-.19,.153225806451613
-.11,.0448979591836735
-.14,.0291060291060291
-.13,.0485074626865672
-.079,.0805300713557594
-.001,.166666666666667
-1.99,1.26842105263158
-.0665,.117325335215243
-.273,.105
-.573,.244
-.177,.086
-.339,.086
-.849585,.488246476873972
-.937966,.416425518841496
-.932496,.441498687334733
-.553992,1.18537728279359
-.376481,.32859056770922
-.34991,.821147884530992
-.145679,.140253030990087
-.147097,.124811421453748
-.13478,.139044494650944
-.075,.0177767243422612
-.076,.0255806125883541
-.5917,.268259509452781
-.36,.45
-1.15,.508849557522124
-1.99,.666666666666667
-.14,.0468227424749164
-.17,.0501474926253687
-.12,.0193861066235864
.189,.0051150202976996
.187,.004953642384106
.188,.0049
.189,.0051150202976996
-.627,.271665605555983
.124,.497060853798211
.078,.16239180080782
-.944,.442759438184479
-.976,.853823827526641
-.432,.332605340150507
.146,.113418269775006
-.695,1.26842105263158
-.172,.131
-.199,.072
-.103,.035
-.062,.026
-.066,.024
-.1981,.0435384615384615
-.1812,.104739884393064
-.0757,.0556617647058824
-.3651,.137255639097744
-.1311,.0181578947368421
-.861,.323
-.897,.26
-.848,.248
-.883,.247
-.824,.229
-.134,.0536
-.139,.0579166666666667
-.14,.056
-.113,.0565
-.103,.0572222222222222
-.087,.058
-.147,.0565384615384615
-.151,.0559259259259259
-.127,.0552173913043478
-.119,.0566666666666667
-.105,.0583333333333333
-.253,.0683783783783784
-.252,.0681081081081081
-.217,.0678125
-.215,.0693548387096774
-.2,.0714285714285714
.123,.0946153846153846
.091,.091
.082,.0911111111111111
.097,.097
.099,.099
-.153,.0566666666666667
-.153,.0546428571428571
-.124,.0539130434782609
-.114,.057
-.095,.059375
-.01,.0476190476190476
-.17,.217948717948718
-.01,.0263157894736842
.006,.0352941176470588
.0004,.133333333333333
.008,.0173913043478261
-.04,.0121580547112462
-.01,.0098039215686275
-.11,.0407407407407407
-.04,.0245398773006135
-.706,.011
-.795,.0049
-.6899999999999999,.019
-.71,.013
-.731,.011
-.694,.016
-.696,.016
-.725,.012
-.806,.006
-.785,.006
-.785,.01
-.799,.0049
-.798,.006
-.79,.006
-.444,.0049
-.552,.006
-.044,.06
-.642,.069
-.228,.188741721854305
-.047,.176029962546817
-.5669999999999999,.245348334054522
-.0822,.0562
-.024,.0215
-.088,.0257309941520468
.245,.143
-.133,.06
-.064,.083
-.134,.141
-.201,.245
-.174,.154
-.097,.128
-.119,.144
-.523,.220675105485232
-.525,.209163346613546
-.535,.208171206225681
-1.087,.289095744680851
.309,.309
-.5590000000000001,.208582089552239
-.515,.210204081632653
.212,.0942222222222222
-.538,.209338521400778
-.004,.0194427386512671
-.009,.0669099612556077
-.635,.0407835581245986
-.773,.02816029143898
-.059,.026
-.044,.027
-.028,.021
-.024,.05
-.000092,.019
-.013,.024
-.421,.167729083665339
.124,.1
-.378,.115
-.742,.126
.488,.502
-1.99,.827
-.057157,.02952
-.155,.21497919556172
.196,.408333333333333
-.359,.486449864498645
-1.99,.610539444964141
-1.99,.75359657177839
.346,.248920863309353
-1.249,.421247892074199
.025,.357142857142857
-.147,.217455621301775
-.25,.227272727272727
.346,.491477272727273
-1.027,.5642857142857139
.442,.435897435897436
-.159,.0889261744966443
-.991,.122224962999507
-.855,.128823263522676
-.09,.031
-.34,.04
.044,.178
-.102,.066
.103,.193
.012,.058
-.083,.057
-.355,.136
.451,.26
-.212,.052
-.028,.122
-.423,.102
-.044,.205
-.477,.095
-.467,.1
-.577,.171
.153,.254
-.132,.064
-.014,.028
-.095,.044
-.08,.03
-.331,.04
-.479,.05
-.349,.108
-.114,.033
.08,.142
-.345,.038
-.305,.096
-.065,.078
-.029,.035
-.133,.036
-.596,.082
-.215,.039
-.388,.048
-.03,.018
-.102,.161
-.013,.022
-.067,.023
.004,.008
.006,.076
-.003,.0049
-.035,.038
-.043,.013
-.196,.097
-.007,.02
-.121,.035
-.029,.018
-.114,.146
-.012,.018
-.074,.021
-.025,.029
.021,.248
-.035,.026
-.092,.026
-.895,.086
-.892,.218
-.705,.206
-.596,.149
-.0193,.0346
-.1296,.0395217661548671
-.183,.0049
-.179,.0069
-.196,.0246231155778895
-.214,.0252656434474616
-.163,.0263327948303716
-.158,.0188769414575866
-.184,.0186234817813765
-.177,.0378205128205128
-.164,.0397094430992736
-.092,.0373983739837398
-.099,.0262599469496021
-.116,.0284313725490196
-.211,.101637764932563
-.163,.0626682045367167
-.011,.122222222222222
-.04,.0854700854700855
-.152,.058891902363425
-.11,.0865460267505901
-.207,.077066269545793
-.444,.150253807106599
-.208,.0467415730337079
-.233,.0435758369178979
-.086,.0553766902768834
-.12,.0480192076830732
-.136,.0367666937010003
-.152,.0460885385081868
-.172,.0449438202247191
-.197,.0611231771641328
.193,.124195624195624
-.579,.214206437291898
.662,.161148977604674
.359,.28003120124805
.006,.146341463414634
-.067,.159904534606205
.103,.15968992248062
.712,.322629323353655
-.128,.0285395763656633
-.135,.0353218210361068
-.078,.0282916213275299
-.067,.0284863945578231
-.074,.0265042979942693
-.099,.027393469839513
-.09,.0277264325323475
-.106,.0300965360590574
-.164,.0194427978660344
-.216,.0360420490572334
-.156,.0435754189944134
-.212,.0387568555758684
-.24,.0549073438572409
-.06265,.0455967976710335
-.16016,.113992882562278
-.864,.0589358799454297
-.647,.0249710536472405
-.96,.323232323232323
-1.117,.162119013062409
-.999,.118085106382979
-.8090000000000001,.0939605110336818
-.0021,.0049
.0104,.0049
-.0033,.0049
.01478,.0049
.01194,.0049
-.0035,.0049
.01472,.0049
-.26855,.0741277464944242
-.06003,.0341254050366665
.44068,.16349335905617
-.06706,.036164590411476
-.06521,.0126371070888725
.31243,.104212808539026
.24413,.368220211161388
-.02648,.137988535695675
.51576,.62905232345408
-.29761,.0711016078553169
.28177,.0994985698647551
.22577,.0606696584526913
-.306,.607
-.319,.06
-.287,.112
-.31,.116
-.103,.016
-.102,.0161
-.642,.086
-.642,.086
-.115,.05
-.211,.111
-.166,.035
-.16,.037
-.583,.12
-.321,.118
-.2291,.0392294520547945
-.0298,.0505
-.514,.185
-.9123,.069
-.8238,.0321
-.8637,.0228
-.9326,.0387
-.8133,.0301
-.7896,.0311
-.105,.0083333333333333
.13559,.101361880000043
.132,.021
-.436,.019
.11,.019
.702,.081
-.521,.054
-.931,.026
-.395,.021
.115,.021
-.148,.029
.253,.04
-.2,.009
.471,.081
.6919999999999999,.08
-.358,.037
-.761,.021
-.234,.012
.22,.243
.065,.027
-.931,.026
-.761,.05
-1.08,.045
-1.154,.045
-.833,.061
-.747,.061
-.115,.0212177121771218
-.16,.031434184675835
-.159,.0969512195121951
-.517,.319135802469136
-.111,.0528571428571429
-.114,.07125
-.033,.0323529411764706
-.081,.0604477611940299
-.014,.0175
-.034,.045945945945946
-.088,.0329588014981273
-.142,.0788888888888889
-.201,.112921348314607
-.215,.32089552238806
-.118,.126881720430108
-.414,.295714285714286
-.148,.8409090909090911
-.24595041322314,.552
-.63,.08
.1039,.03926
.1686,.0566
.0904,.2666
-.38,.11
-.631,.07
-.286,.109
-.88,.036
.712,.0449
-1.5309,.2086
.712,.2174
-1.99,.2293
.712,.0542
-1.7207,.4587
.712,.0642
-.3938,.6006
.712,.2716
-1.99,.5012
.712,.3138
-1.99,.6629
.712,.0842
-1.6497,.2277
-1.866,.1858
-.8016,.3172
-.3285,.2739
-.2768,.3063
-1.99,.4123
-1.99,.3129
-1.3433,.1963
-1.99,.5754
-1.99,.3443
-1.8798,.4862
-1.7595,.9332
-1.4702,.7259
-.8031,.2906
-1.99,1.0097
-1.99,.4845
-1.99,.4644
.2923,.3907
.0826,.3691
-1.8291,.8772
-1.8665,.6076
.023,.0323943661971831
-.242,.0521776627856835
-.264,.0596071347934071
.023,.0323943661971831
.003,.0375
-.123,.100985221674877
.061,.0635416666666667
-.313,.0674278328306764
-.237,.0512100259291271
.027,.121076233183857
.141,.136231884057971
-.506,.593200468933177
-.635,.526970954356847
-.152,.410810810810811
-.087,.113874345549738
-.158,.289908256880734
.277,.133173076923077
-.256,.0679045092838196
.183,.198697068403909
-.622,.245849802371542
-.056,.0847201210287443
.004,.133333333333333
.149,.114615384615385
-.522,.594533029612756
-1.572,.46911369740376
-.144,.414985590778098
-.132,.111580726965342
-.316,.211229946524064
.263,.112057946314444
-.243,.0715126545026486
.139,.14962325080732
-.58,.233494363929147
-.048,.0717488789237668
-.105,.0236167341430499
-.054,.019438444924406
-.062,.0292039566650966
-.053,.0880398671096346
.028,.0518518518518519
-.065,.0138239047213952
-.022,.0548628428927681
.109,.0173982442138867
-.156,.0171428571428571
.184,.0262369884500214
-.113,.0152888648356109
-.048,.0067767894959763
-.144,.0189473684210526
-.092,.0149496262593435
-.055,.0202503681885125
-.081,.0615969581749049
-.047,.037007874015748
-.11,.0097465886939571
-.085,.0399436090225564
.034,.0127627627627628
-.142,.0129941434846266
.056,.0191061071306721
-.139,.0109621451104101
-.086,.0049201899422164
-.354,.137743190661479
-.302,.147821830641214
-.253,.147780373831776
-.292,.132186509732911
-.339,.0916463909164639
-.334,.113721484508001
-.518,.133059337272027
-.34,.0867789688616641
-.57,.05
-.59,.06
-.95,.13
-.73,.17
-.8,.1
-.62,.13
-.58,.05
-.97,.13
-.82,.1
-.15,.05
-.3918,.0399
-.3974,.0381
-.4793,.0516
-.425,.0766
-.383,.0405
-.305,.0379
-.4072,.0537
-.4934,.0662
-.486592383984327,.04889654
-.574631339167965,.06342902
-.512665862484922,.09449469
-.492731249195935,.05522663
-.386565272496831,.04891776
-.508364544319601,.06958578
-.579243953979807,.0805012
-.101,.025
-.117,.03
-.114,.03
-.207,.017
-.198,.021
-.196,.021
-.064,.0130346232179226
-.141,.0122077922077922
-.32,.0943952802359882
-.014,.0333333333333333
-.397,.177232142857143
-.141,.0135576923076923
-.14,.0133206470028544
-.063,.0926470588235294
-.554,.0049
-.078,.0049
-.503,.0051
-.079,.0049
-.8,.17
-.54,.08
-1.3,.15
-.51,.11
-.9399999999999999,.17
-1,.11
-.85,.11
-.53,.09
-1.45,.22
-.57,.09
-.9399999999999999,.17
-1,.1
-.86,.1
-.5,.09
-1.43,.21
-.61,.08
-.93,.14
-.99,.1
-.28,.11
-.5600000000000001,.14
-.45,.13
-.41,.13
-.46,.14
-.53,.14
-.63,.13
-.82,.15
-1.24,.19
-.23,.07
-.59,.15
-.72,.21
-.58,.042
-.15,.04
-.11,.04
-.12,.04
-.13,.04
-.12,.03
-.08,.04
-.1,.03
-.11,.03
-.14,.03
-.19,.05
-.15,.03
-.16,.04
-.17,.03
-.05,.05
-.12,.03
-.21,.04
-.08,.04
-.32,.06
-.11,.04
-.19,.04
-.13,.04
-.13,.04
-.13,.04
-.01,.03
-.17,.05
-.14,.04
-.04,.02
-.22,.04
-.08,.03
-.14,.04
-.17,.04
-.11,.03
-.08,.03
-.2,.04
-.09,.03
-.11,.04
-.16,.04
-.19,.05
-.11,.03
-.18,.05
-.31,.04
-.16,.04
-.1845,.0640625
-.049,.149330343736593
-.039,.12
-.147,.0106777777777778
-.07,.0049
-1.99,.60836820083682
-.95,.0821799307958478
-.234,.081990189208129
-.7053,.0244
-.6777,.0196
-.7207,.0349
-.6899,.0542
-.6214,.0239
-.6045,.0358
-.4641,.0637
-.6183999999999999,.0306
-.4749,.0619
-.4168,.044
-.0742,.0873
-.4923,.0416
-.3724,.0656
-.5747,.0331
-.5013,.0618
-.5679,.0288
-.5749,.0357
-.5252,.0228
-.64,.0308
-.8295,.0918
-.7856,.0588
-.7528,.0482
-.5795,.0349
-.5173,.0483
-.5567,.0405
-.503,.0508
-.4114,.0656
-.35,.126353790613718
-.03,.0454545454545455
-.9648,.0866068222621185
-.6136,.0829189189189189
-.5683,.142788944723618
-.3331,.134858299595142
-.9167,.0440721153846154
-1.0789,.0359753251083695
-.7403,.197413333333333
-.5456,.174313099041534
-.7084,.2693536121673
-.4858,.228075117370892
-.6271,.0556433007985803
-.4711,.0484172661870504
-.157713,.164704
-.600075,.238904
-.16,.01
-.21,.02
.03,.0263157894736842
.033,.0270491803278689
.027,.0284210526315789
.061,.0365269461077844
.005,.0454545454545455
-.049,.0604938271604938
-.042,.102439024390244
.134,.239285714285714
-.039,.229411764705882
.117,.229411764705882
-.16,.146788990825688
-.628,.9968253968253969
-.57,.74025974025974
.112,.386206896551724
-.022,.157142857142857
-.04,.4
.268,.197058823529412
-.257,.183571428571429
.086,.122857142857143
.095,.169642857142857
-.037,.185
.104,.179310344827586
-.128,.0836601307189542
-1.061,.447679324894515
-.727,.484666666666667
.036,.2
-.034,.117241379310345
-.009,.3
.273,.139285714285714
-.267,.145108695652174
.047,.0854545454545455
-.447,.158510638297872
-.123,.0453874538745388
-.51,.188191881918819
-.58,.241666666666667
-.45,.207373271889401
-.48,.160535117056856
-.61,.201320132013201
-.49,.184210526315789
.11,.159420289855072
-.257,.131794871794872
-.19,.1
-.43,.4271256
.52,.6761511
-.52,.158536585365854
-.17,.105590062111801
-.31,.107266435986159
-.28,.116182572614108
-.607843137254902,.2656196
-.83,.0049
-.99,.0049
-.82,.0049
-1.01,.0049
-.8,.0049
-1.05,.0049
-.4685,.0221513002364066
-.8152,.0411509338717819
-.033597,.081
.02558,.382
-.65454,.189
-.26624,.089
-.0613,.126
-.23473,.092
-.033597,.081
.02558,.382
-.65454,.189
-.26731,.084
-.26624,.089
-.06596,.123
-.06313,.126
-.23473,.092
-.3066,.104
-.32458,.11504
-.20208,.09159
-.20637,.094
-.23386,.12156
-.27785,.141
-.31763,.15889
-.27955,.12477
-.29789,.14515
-.24841,.077
-.23034,.096
-.22079,.085
-.23178,.093
-.4186,.185
-.51432,.323
-.27165,.09
-.55601,.226
-.69791,.239
-.48,.125
-.612,.231
-.479,.099
-.108,.0086
-.342,.185
.0393,.182
-.333,.194
-.111,.0134
.712,.276
-.719,.586
.712,.228
-.0467,.0135
-.048,.0049
-.14,.0833333333333333
-.13,.0844155844155844
-.05,.0595238095238095
-.09,.0489130434782609
-.15,.0681818181818182
-.076,.027
-.074,.01
-.581,.051
-.5570000000000001,.032
-.781,.038
-.105,.02
-.094,.017
-.094,.018
-.755,.117
.038,.034
.045,.03
.045,.04
-.281,.0939799331103679
-.108,.0603351955307263
-.671,.147149122807018
-.459,.144339622641509
-.367,.0607615894039735
-.252,.0411092985318108
.039,.035
.126,.041
.194,.064
.06,.06
.273,.309
-.052,.0049
-.0328,.0049
-.0282,.0049
-.0466,.0049
-.0293,.00547
-.136,.0520663020928027
-.017,.0230088279035734
-.039,.0383359230382172
-.157,.168337285227248
-.003,.0069501680464486
-.114,.0895486621320989
-.007,.0185561405160237
-.002,.0107199989854192
-.024,.081720713860184
-.029,.0456220876590483
-.13,.0645452524902483
-1.046,.735536908464362
-.004,.009121321731959
-.066,.0651449105235607
-.093,.344178904122784
-.023,.0349926231434177
-.116,.0390870093378076
-.04,.0515746419741425
-.01,.0130928226528443
-.0001,.0049
.0001,.0199470304654108
-.173,.081601014171856
-.042,.018991481698918
-.002,.0157573747295046
-.036,.0282159483970497
-.05,.0259492687100619
-.012,.0076764447774673
-.04,.0618781807162761
-.018,.0263173026281414
-.057,.039012871168693
-.071,.0465256599488445
-.027,.0392032058108719
-.213,.084788122096262
-.003,.0068409912989693
-.041,.125044539831868
-.033,.0397134221423737
-.122,.255492781874476
-.153,.0576907891127587
-.003,.159567511695403
-.022,.0540526096057073
-.136,.007
-.133,.009
-.141,.01
-.157,.01
-.155,.011
-.3,.0911708138180001
-.29,.0881317866907335
-.21,.107144825954177
-.36,.1094049765816
-.33,.1002878951998
-.47,.142834274981534
-.11,.0334292983999334
-.1,.0303902712726667
-.23,.0698976239271334
-.17,.0516634611635334
-.22,.0668585967998668
-.19,.0577415154180668
-.33,.1002878951998
-.14,.0425463797817334
-.15,.0455854069090001
-.13,.0395073526544667
-1.8767,.319710391822828
-1.5705,.175279017857143
-1.6577,.28144312393888
-1.99,.390978886756238
-1.5366,.515637583892618
-1.452,.547924528301887
-1.99,.156893424036281
-1.3661,.218926282051282
-1.9731,.0956886517943744
-1.6857,.174683937823834
-1.5292,.757029702970297
-1.3358,.472014134275618
-.7379,.0375139806812405
-1.2683,.110479094076655
-.9244,.0615446071904128
-1.99,.329350828729282
-1.0891,.401881918819188
-1.8041,.430572792362768
-.143,.0238333333333333
-.12,.0265486725663717
-.128,.04
-.127,.04
-.122,.026
-.115,.017
-.141,.037
-.707,.119952494061758
-.728,.118162635935725
.007,.006102877070619
.014,.0090439276485788
-.0002,.0049
-.187,.0112990936555891
-.08,.0096385542168675
-.093,.0096573208722741
-.081,.0146473779385172
-.065,.0188953488372093
-.25,.04
-.64,.016
-.2,.017
-.49,.021
-.83,.029
-.17,.006
-.58,.015
-.06,.026
-.73,.038
-.11,.034
.53,.022
-.87,.021
-.13,.008
-.74,.017
-.119,.0115758754863813
-.007,.018421052631579
-.053,.0154518950437318
-.533,1.26842105263158
-.235,.371
-.888,1.122
-.55,.932203389830509
.05,.227272727272727
-.08,.470588235294118
-.44,.293333333333333
-.13,.10655737704918
-.4,.12987012987013
.712,.241558441558442
-1.47,.505154639175258
-1.99,.771812080536913
.02,.25
.17,.130769230769231
-.1,.178571428571429
-.59,.322404371584699
-.28,.197183098591549
-.09,.0789473684210526
-.1,.277777777777778
-.13,.087248322147651
-.15,.148514851485149
-.4,.21978021978022
-.01,.0178571428571429
-1.99,.727272727272727
.58,.318681318681319
-.36,.514285714285714
.712,1.26842105263158
.712,.190196078431373
-.03,.136363636363636
-.47,.232673267326733
-1.52,.286252354048964
.12,.133333333333333
.13,.125
-.057,.0147210743801653
.061515,.206025
-1.091726,.222242
-.0062,.0049
-.03019,.01102
-1.02,.17
-1.22,.17
-1.21,.22
-1.24,.17
-1.42,.23
-1.13,.19
-.32,.29
-1.51,.05
-.93,.1
-.113,.0649724883234974
-.312,.1418
-.296,.1358
-.442,.3109
-.571,.2508
-.409,.1685
-.322,.239
-.515,.3006
-.53,.059
-.531,.059
-.824,.0049
-.845,.0049
-.916,.017
-.607,.158
-.598,.078
-.232,.128
-.513,.161
-.405,.075
-.726,.205
-.645,.186
-.516,.063
-.648,.082
-.394,.083
-.616,.116
-.481,.068
-.526,.088
-.648,.085
-.384,.178
.1362,.042
-.0962,.049
-.0855,.05
-.19,.219045423103528
-1.6312,.5401
-.9116,.3227
-.1708,.0456
-.308,.08
-.246,.05
-.179,.167
-.125,.115
-.2688,.0198
-.3696,.0145
-.3495,.0217
-.2907,.0318
-.4093,.0387
-.314,.0425
-.448,.158
-.2899,.0718
-.371,.0493
-.5713,.0748
-.4619,.0999
-.3961,.0728
-.2348,.0623
-.1554,.0651
-.2493,.0714
.2,.0869565217391305
-.39667,.153997005722965
-.46817,.181755056266721
-.77529,.300986559525443
-.40256,.156283647928597
-.56992,.221256897425144
-.52982,.205689095651653
-.14663,.0891447102632227
-.70124,.272238536549706
-.70058,.27198230839084
-.25065,.127885002978165
-.4846,.188133584524538
-.41272,.160228008677193
-.978900350426929,.6749648
-.142,.07
.342,.22
.233,.17
-.269,.19
-.309,.18
-.166,.12
-.075,.19
-.551,.36
.336,.21
-.34,.15
.228,.28
-.321,.2
-.769,.31
-.252,.19
.63,.3
-.402,.21
.373,.19
-.164,.3
-.152,.03
-.014,.03
-.012,.02
-.291,.07
-.006,.02
-.072,.03
-.025,.02
-.079,.03
.085,.04
.029,.09
-.082,.03
-.017,.04
.061,.02
.128,.06
-.021,.04
-.105,.07
.159,.05
.234,.06
-.229,.06
-.23,.083
-.463,.105
-.629,.119
-.23,.04
-.23,.04
-.24,.047
-.23,.04
.008,.0224012684042405
.037,.0411867073210328
.026,.0174396763494544
-.0591,.0267
-.0605,.0287
-.0996,.0382
-.4554,.0763
-.4676,.0634
-.2871,.0248
-.0351,.0119
-.0314,.0161
-.024,.0268
-.2709,.0557
-.2428,.0313
-.0686,.011
-.0308,.0398
-.0265,.0506
-.0937,.0716
-.1367,.0427
-.126,.1006
-.2406,.0543
-.0194,.0055
-.0094,.0397
-.0108,.068
-.0862,.0339
-.0445,.0794
-.0619,.038
-.2152,.0097
-.1103,.025
-.294,.05
-1.659,.0741
-.8446,.0754
-.9560999999999999,.0438
-.1578,.0709
-.0796,.069
-.1495,.1251
-.6997,.0968
-.3856,.1864
-.479,.1595
-.1402,.0747
-.0321,.031
-.1196,.1417
-.1539,.0973
-.9846,.1703
-.6048,.3993
-.1907,.0198
.0141,.0106
-.2503,.0146
-.4143,.0142
-.1403,.0104
-.5306999999999999,.0198
-.3162,.0204
-.1015,.02
.022,.0351
-.2858,.0537
-.0836,.0202
-.0793,.0252
-.1487,.037
-.395,.0722
-.0214,.0482
-.0207,.011
-.0113,.0093
-.0194,.015
-.0648,.1462
-.1972,.1052
-.2287,.189
-.1275,.0985
-.004,.0049
-.002,.0049
0,.02
-.004,.0049
.002,.0049
-.004,.0049
-.03,.014
-.039,.011
-.024,.014
-.04,.011
-.042,.019
-1.431,.034
-1.99,.28
-1.016,.109
-.028395,.162053418559525
-.484,.096
-.461,.05
-.161,.07
-.217,.104
-.346,.205
-.416,.178
-.5629999999999999,.23
-.161,.07
-.216,.103
-.346,.205
-.416,.179
-.5629999999999999,.23
-.227,.101
-.358,.197
-.416,.174
-.569,.226
-.481,.096
.222,.278894472361809
-1.004,1.26842105263158
-.233,.222328244274809
-.501,.0829470198675497
-.495,.108552631578947
-.497,.106196581196581
-.353,.102915451895044
-.392,.0890909090909091
-.328,.0841025641025641
-.351,.103235294117647
-.368,.102222222222222
-.344,.0819047619047619
-.39,.0886363636363636
-.289,.136320754716981
-.414,.16046511627907
-.396,.15408560311284
-.37,.140684410646388
-.106,.0504281636536632
-.02,.0193986420950533
